Time	RHum	Temp	Wind Direction	Wind Speed	Gust	Rain	Radiation	mBar
00:00:02	42	45	147	8	9	0.00	59.29	997.9
00:01:02	42	45	166	9	10	0.00	62.52	997.9
00:02:02	42	45	163	7	9	0.00	64.85	997.9
00:03:02	42	45	145	7	8	0.00	64.61	997.9
00:04:02	42	45	156	8	11	0.00	60.94	997.9
00:05:02	42	45	164	7	10	0.00	55.75	997.9
00:06:02	42	45	176	9	11	0.00	52.45	997.9
00:07:02	41	45	174	10	12	0.00	47.43	997.9
00:08:02	42	45	165	9	11	0.00	41.74	997.9
00:09:02	42	45	167	8	10	0.00	36.95	997.9
00:10:02	42	45	165	7	8	0.00	32.44	997.9
00:11:02	42	45	159	7	8	0.00	27.89	997.9
00:12:02	42	45	144	6	8	0.00	24.02	997.9
00:13:02	42	45	160	5	7	0.00	20.25	997.9
00:14:02	43	45	162	5	7	0.00	16.91	997.9
00:15:02	43	45	160	4	4	0.00	15.33	998.0
00:16:02	42	45	163	7	8	0.00	14.55	998.0
00:17:02	42	45	177	8	9	0.00	13.44	998.0
00:18:02	42	45	176	9	11	0.00	12.03	998.0
00:19:02	42	45	174	8	9	0.00	11.32	998.0
00:20:02	42	45	194	6	7	0.00	11.12	998.1
00:21:02	42	45	172	8	9	0.00	11.52	998.0
00:22:02	41	45	174	9	11	0.00	13.47	998.0
00:23:02	41	45	152	7	11	0.00	17.59	998.1
00:24:02	41	45	174	8	10	0.00	21.16	998.2
00:25:02	42	45	158	11	18	0.00	23.78	998.1
00:26:02	42	45	151	14	18	0.00	26.01	998.1
00:27:02	43	45	204	8	9	0.00	29.48	998.2
00:28:02	44	45	195	9	10	0.00	33.49	998.2
00:29:02	44	45	194	11	12	0.00	38.94	998.2
00:30:02	46	44	205	11	11	0.00	43.36	998.3
00:31:02	46	44	193	11	12	0.00	45.78	998.3
00:32:02	46	44	168	10	12	0.00	44.91	998.3
00:33:02	46	44	168	12	17	0.00	42.51	998.4
00:34:02	47	44	187	13	18	0.00	39.31	998.4
00:35:02	48	44	218	14	17	0.00	35.98	998.5
00:36:02	49	44	162	14	18	0.00	36.11	998.5
00:37:02	51	44	190	12	15	0.00	38.84	998.5
00:38:02	52	43	170	14	20	0.00	41.10	998.6
00:39:02	53	43	162	13	16	0.00	42.82	998.5
00:40:02	54	43	168	14	18	0.00	46.73	998.6
00:41:02	55	43	168	12	17	0.00	51.71	998.6
00:42:02	56	42	186	20	22	0.00	53.63	998.7
00:43:02	57	42	177	18	20	0.00	54.47	998.6
00:44:02	58	42	162	19	25	0.00	53.80	998.7
00:45:02	59	42	176	20	23	0.00	51.91	998.6
00:46:02	60	41	198	11	14	0.00	48.98	998.7
00:47:02	61	41	202	18	21	0.00	45.68	998.7
00:48:02	61	41	174	11	18	0.00	42.01	998.7
00:49:02	61	41	196	16	20	0.00	38.44	998.7
00:50:02	62	41	193	13	15	0.00	33.76	998.8
00:51:02	63	41	179	13	17	0.00	29.00	998.7
00:52:02	63	41	180	10	11	0.00	25.50	998.7
00:53:02	63	41	164	12	15	0.00	24.96	998.7
00:54:02	64	41	176	14	17	0.00	30.72	998.7
00:55:02	64	41	191	9	12	0.00	47.23	998.7
00:56:02	64	41	176	11	13	0.00	62.73	998.7
00:57:02	65	41	174	11	13	0.00	64.31	998.7
00:58:02	64	41	158	14	16	0.00	58.89	998.7
00:59:02	65	41	172	10	12	0.00	53.26	998.7
01:00:02	65	41	162	12	16	0.00	48.51	998.6
01:01:02	65	41	171	13	16	0.00	42.82	998.6
01:02:02	65	41	166	14	18	0.00	37.06	998.7
01:03:02	65	41	163	12	15	0.00	32.91	998.6
01:04:02	65	41	170	12	16	0.00	30.89	998.7
01:05:02	65	41	166	13	19	0.00	29.68	998.6
01:06:02	65	41	162	11	12	0.00	29.34	998.6
01:07:02	65	41	172	10	11	0.00	29.55	998.6
01:08:02	65	41	164	9	10	0.00	28.50	998.6
01:09:02	65	41	162	10	12	0.00	26.31	998.6
01:10:02	65	41	151	10	14	0.00	23.41	998.6
01:11:02	65	41	167	7	8	0.00	19.98	998.6
01:12:02	64	41	153	10	12	0.00	17.28	998.5
01:13:02	64	41	143	12	17	0.00	15.16	998.6
01:14:02	63	41	184	15	18	0.00	13.17	998.6
01:15:02	63	41	179	11	12	0.00	12.30	998.6
01:16:02	63	41	160	9	11	0.00	12.53	998.5
01:17:02	63	41	166	9	13	0.00	12.57	998.5
01:18:02	62	41	163	8	10	0.00	11.35	998.5
01:19:02	63	41	136	9	10	0.00	10.34	998.6
01:20:02	62	41	170	9	12	0.00	10.98	998.5
01:21:02	62	41	175	12	13	0.00	11.62	998.7
01:22:02	62	41	164	13	19	0.00	13.64	998.6
01:23:02	61	41	169	17	19	0.00	15.46	998.6
01:24:02	60	41	179	18	25	0.00	14.39	998.5
01:25:02	61	41	143	16	19	0.00	13.48	998.6
01:26:02	60	41	149	18	21	0.00	12.97	998.7
01:27:02	60	41	157	20	24	0.00	11.39	998.7
01:28:02	60	41	167	21	25	0.00	9.00	998.7
01:29:02	61	41	164	18	22	0.00	7.68	998.7
01:30:02	61	41	155	14	16	0.00	8.15	998.7
01:31:02	61	41	167	19	22	0.00	8.73	998.6
01:32:02	61	41	176	14	17	0.00	8.83	998.7
01:33:02	61	41	134	12	14	0.00	7.88	998.6
01:34:02	61	41	133	12	16	0.00	7.28	998.7
01:35:02	61	41	171	11	14	0.00	6.17	998.9
01:36:02	61	41	171	14	27	0.00	4.48	998.7
01:37:02	62	41	180	25	29	0.00	3.00	998.7
01:38:02	64	40	175	16	21	0.00	3.84	998.8
01:39:02	65	40	134	12	18	0.00	4.45	998.9
01:40:02	65	40	153	16	24	0.00	4.95	998.7
01:41:02	65	40	146	18	21	0.00	5.96	998.8
01:42:02	66	40	187	19	22	0.00	6.70	998.8
01:43:02	67	40	186	19	27	0.01	6.91	998.8
01:44:02	68	40	171	14	17	0.00	6.00	998.8
01:45:02	68	40	170	13	16	0.00	4.82	998.9
01:46:02	68	40	192	15	19	0.00	4.08	998.9
01:47:02	68	40	170	20	22	0.00	3.47	998.9
01:48:02	68	40	171	18	23	0.00	2.80	998.8
01:49:02	68	40	165	21	27	0.00	2.63	998.8
01:50:02	68	40	187	20	21	0.00	2.63	998.8
01:51:02	68	40	157	15	19	0.00	2.63	998.8
01:52:02	68	40	172	12	14	0.00	2.56	998.8
01:53:02	68	40	151	13	20	0.00	2.06	998.8
01:54:02	66	40	168	19	28	0.00	2.02	998.7
01:55:02	66	40	151	14	16	0.00	1.85	998.7
01:56:02	66	40	161	20	24	0.00	1.38	998.7
01:57:02	66	40	153	17	23	0.00	0.98	998.8
01:58:02	66	40	145	18	23	0.00	0.81	998.8
01:59:02	66	40	180	18	21	0.00	0.81	998.8
02:00:02	66	40	164	15	20	0.00	0.71	998.8
02:01:02	66	40	162	15	19	0.00	0.61	998.7
02:02:02	66	40	151	14	18	0.00	0.61	998.7
02:03:02	67	40	169	15	19	0.00	0.40	998.6
02:04:02	67	40	142	16	21	0.00	0.40	998.7
02:05:02	67	40	138	19	23	0.00	0.57	998.7
02:06:02	67	40	160	19	24	0.00	0.61	998.7
02:07:02	67	40	155	15	19	0.00	0.61	998.8
02:08:02	67	40	171	17	19	0.00	0.47	998.7
02:09:02	68	40	171	18	22	0.00	0.34	998.8
02:10:02	68	40	152	14	17	0.00	0.20	998.7
02:11:02	68	40	171	22	27	0.00	0.00	998.8
02:12:02	68	40	145	19	23	0.00	0.00	998.7
02:13:02	68	40	150	19	23	0.00	0.00	998.7
02:14:02	68	39	161	17	22	0.00	0.00	998.8
02:15:02	68	39	164	20	25	0.00	0.00	998.8
02:16:02	69	39	171	16	21	0.00	0.00	998.8
02:17:02	69	39	172	20	28	0.00	0.00	998.8
02:18:02	69	39	161	18	24	0.00	0.00	998.8
02:19:02	69	39	152	24	27	0.00	0.00	998.8
02:20:02	69	39	161	18	22	0.00	0.00	998.8
02:21:02	69	39	159	21	26	0.00	0.00	998.9
02:22:02	69	39	171	19	24	0.00	0.00	998.9
02:23:02	69	39	156	10	12	0.00	0.00	998.9
02:24:02	69	39	177	18	22	0.00	0.00	998.9
02:25:02	70	39	186	17	19	0.00	0.00	999.0
02:26:02	70	39	184	13	17	0.00	0.00	998.9
02:27:02	70	39	172	14	18	0.00	0.00	999.0
02:28:02	70	39	169	18	25	0.00	0.00	998.9
02:29:02	70	39	163	17	21	0.00	0.00	999.0
02:30:02	71	39	158	15	19	0.00	0.00	999.0
02:31:02	70	39	161	19	22	0.00	0.00	999.0
02:32:02	70	39	156	16	17	0.00	0.00	999.0
02:33:02	71	39	178	16	20	0.00	0.00	999.0
02:34:02	71	39	143	16	26	0.00	0.00	999.1
02:35:02	71	39	159	18	22	0.00	0.00	999.1
02:36:02	71	39	185	17	19	0.00	0.00	999.0
02:37:02	71	39	166	13	17	0.00	0.00	999.1
02:38:02	71	39	164	18	21	0.00	0.00	999.1
02:39:02	71	39	166	14	18	0.00	0.00	999.1
02:40:02	71	39	161	12	13	0.00	0.00	999.1
02:41:02	71	39	165	13	16	0.00	0.00	999.2
02:42:02	71	39	173	11	14	0.00	0.00	999.3
02:43:02	71	39	164	18	21	0.00	0.00	999.2
02:44:02	71	39	180	18	26	0.00	0.00	999.2
02:45:02	71	39	163	17	18	0.00	0.00	999.2
02:46:02	72	39	176	14	20	0.00	0.00	999.2
02:47:02	72	39	174	14	18	0.00	0.00	999.2
02:48:02	72	39	162	16	18	0.00	0.00	999.2
02:49:02	71	39	161	19	23	0.00	0.00	999.3
02:50:02	71	39	173	21	26	0.00	0.00	999.2
02:51:02	72	39	187	18	22	0.00	0.00	999.2
02:52:02	72	39	160	14	18	0.00	0.00	999.3
02:53:02	72	39	169	13	18	0.00	0.00	999.3
02:54:02	72	39	170	19	22	0.00	0.00	999.3
02:55:02	71	39	155	19	24	0.00	0.00	999.3
02:56:02	72	39	172	15	17	0.00	0.00	999.3
02:57:02	72	39	176	17	19	0.00	0.00	999.3
02:58:02	72	39	179	17	20	0.00	0.00	999.2
02:59:02	72	39	175	13	16	0.00	0.00	999.3
03:00:02	72	39	150	16	19	0.00	0.00	999.3
03:01:02	72	39	173	15	16	0.00	0.00	999.4
03:02:02	72	39	161	19	24	0.00	0.00	999.4
03:03:02	72	39	170	18	21	0.00	0.00	999.4
03:04:02	72	39	169	15	20	0.00	0.00	999.4
03:05:02	72	39	175	20	23	0.00	0.00	999.4
03:06:02	72	39	174	17	19	0.00	0.00	999.4
03:07:02	73	39	187	13	15	0.00	0.00	999.5
03:08:02	73	39	166	11	21	0.00	0.00	999.5
03:09:02	72	39	174	17	21	0.00	0.00	999.5
03:10:02	72	39	164	17	22	0.00	0.00	999.5
03:11:02	72	39	178	14	16	0.00	0.00	999.6
03:12:02	72	39	189	17	22	0.00	0.00	999.5
03:13:02	72	39	179	16	17	0.00	0.00	999.6
03:14:02	72	39	189	11	13	0.00	0.00	999.7
03:15:02	72	39	184	15	17	0.00	0.00	999.6
03:16:02	71	39	184	14	17	0.00	0.00	999.6
03:17:02	71	39	200	16	20	0.00	0.00	999.7
03:18:02	71	39	185	13	18	0.00	0.00	999.7
03:19:02	71	39	178	11	15	0.00	0.00	999.7
03:20:02	71	39	180	15	18	0.00	0.00	999.7
03:21:02	71	39	174	15	17	0.00	0.00	999.7
03:22:02	71	39	211	16	20	0.00	0.00	999.7
03:23:02	71	39	175	7	9	0.00	0.00	999.7
03:24:02	71	39	206	8	8	0.00	0.00	999.7
03:25:02	72	39	170	7	9	0.00	0.00	999.8
03:26:02	71	39	179	9	14	0.00	0.00	999.8
03:27:02	71	39	206	9	13	0.00	0.00	999.8
03:28:02	71	39	211	15	17	0.00	0.00	999.9
03:29:02	72	39	204	12	15	0.00	0.00	999.8
03:30:02	71	39	202	13	17	0.00	0.00	999.8
03:31:02	71	39	200	13	16	0.00	0.00	999.9
03:32:02	72	39	187	13	17	0.00	0.00	999.9
03:33:02	71	39	187	14	17	0.00	0.00	999.9
03:34:02	72	39	191	12	14	0.00	0.00	999.9
03:35:02	72	39	166	10	12	0.00	0.00	1000.0
03:36:02	72	39	181	9	13	0.00	0.00	1000.0
03:37:02	72	39	185	12	13	0.00	0.00	1000.0
03:38:02	72	39	162	14	20	0.00	0.00	1000.0
03:39:02	72	39	183	13	14	0.00	0.00	1000.0
03:40:02	72	39	179	12	18	0.00	0.00	1000.0
03:41:02	72	39	178	13	17	0.00	0.00	1000.1
03:42:02	72	39	201	10	12	0.00	0.00	1000.1
03:43:02	73	39	191	8	8	0.00	0.00	1000.1
03:44:02	73	39	188	8	9	0.00	0.00	1000.1
03:45:02	72	39	198	8	12	0.00	0.00	1000.1
03:46:02	72	39	170	7	8	0.00	0.00	1000.1
03:47:02	72	39	209	9	14	0.00	0.00	1000.2
03:48:02	72	39	174	9	11	0.00	0.00	1000.2
03:49:02	72	39	191	9	11	0.00	0.00	1000.2
03:50:02	72	39	196	8	11	0.00	0.00	1000.2
03:51:02	72	39	172	8	10	0.00	0.00	1000.3
03:52:02	72	39	182	8	11	0.00	0.00	1000.3
03:53:02	72	39	223	8	8	0.00	0.00	1000.3
03:54:02	72	39	187	8	10	0.00	0.00	1000.4
03:55:02	71	39	195	13	15	0.00	0.00	1000.3
03:56:02	71	39	199	12	13	0.00	0.00	1000.4
03:57:02	71	39	185	11	13	0.00	0.00	1000.4
03:58:02	70	39	196	13	15	0.00	0.00	1000.4
03:59:02	70	39	197	15	17	0.00	0.00	1000.4
04:00:02	70	39	217	16	20	0.00	0.00	1000.5
04:01:02	70	39	211	14	18	0.00	0.00	1000.5
04:02:02	70	39	183	16	18	0.00	0.00	1000.5
04:03:02	69	39	188	19	22	0.00	0.00	1000.5
04:04:02	69	39	195	17	21	0.00	0.00	1000.5
04:05:02	70	39	193	13	16	0.00	0.00	1000.5
04:06:02	69	39	196	17	20	0.00	0.00	1000.5
04:07:02	70	39	171	16	21	0.00	0.00	1000.5
04:08:02	70	39	194	16	23	0.00	0.00	1000.5
04:09:02	70	39	190	10	12	0.00	0.00	1000.6
04:10:02	70	39	165	16	18	0.00	0.00	1000.6
04:11:02	70	39	180	11	15	0.00	0.00	1000.6
04:12:02	71	39	185	8	12	0.00	0.00	1000.6
04:13:02	71	39	193	10	12	0.00	0.00	1000.6
04:14:02	71	39	162	9	14	0.00	0.00	1000.7
04:15:02	71	39	172	9	11	0.00	0.00	1000.7
04:16:02	71	39	176	9	10	0.00	0.00	1000.7
04:17:02	71	39	190	11	14	0.00	0.00	1000.7
04:18:02	71	39	191	8	12	0.00	0.00	1000.8
04:19:02	71	39	177	12	15	0.00	0.00	1000.8
04:20:02	71	39	203	15	18	0.00	0.00	1000.8
04:21:02	71	39	209	14	17	0.00	0.00	1000.8
04:22:02	72	39	176	9	11	0.00	0.00	1000.8
04:23:02	72	39	213	12	14	0.00	0.00	1000.9
04:24:02	72	39	190	15	18	0.00	0.00	1000.9
04:25:02	72	39	184	14	17	0.00	0.00	1000.9
04:26:02	72	39	186	12	14	0.00	0.00	1000.9
04:27:02	72	39	195	12	14	0.00	0.00	1000.9
04:28:02	72	39	180	13	16	0.00	0.00	1000.9
04:29:02	72	39	193	11	12	0.00	0.00	1000.9
04:30:02	73	39	193	9	13	0.00	0.00	1001.0
04:31:02	73	39	207	9	11	0.00	0.00	1001.0
04:32:02	73	39	207	8	9	0.00	0.00	1001.0
04:33:02	72	39	216	13	15	0.00	0.00	1001.1
04:34:02	72	39	205	13	17	0.00	0.00	1001.1
04:35:02	72	39	185	11	13	0.00	0.00	1001.0
04:36:02	73	39	188	12	15	0.00	0.00	1001.1
04:37:02	73	39	182	14	19	0.00	0.00	1001.1
04:38:02	73	39	179	11	13	0.00	0.00	1001.1
04:39:02	73	39	207	12	15	0.00	0.00	1001.1
04:40:02	73	39	199	10	12	0.00	0.00	1001.1
04:41:02	73	39	197	9	11	0.00	0.00	1001.1
04:42:02	73	39	188	13	15	0.00	0.00	1001.1
04:43:02	72	39	176	10	13	0.00	0.00	1001.1
04:44:02	72	39	205	9	11	0.00	0.00	1001.1
04:45:02	72	39	184	8	11	0.00	0.00	1001.1
04:46:02	72	39	187	9	13	0.00	0.00	1001.1
04:47:02	72	39	202	10	14	0.00	0.00	1001.1
04:48:02	72	39	191	11	11	0.00	0.00	1001.1
04:49:02	72	39	191	8	9	0.00	0.00	1001.1
04:50:02	72	39	180	8	13	0.00	0.00	1001.1
04:51:02	72	39	191	12	14	0.00	0.00	1001.2
04:52:02	72	39	194	13	16	0.00	0.00	1001.1
04:53:02	72	39	207	12	16	0.00	0.00	1001.2
04:54:02	72	39	203	10	12	0.00	0.00	1001.2
04:55:02	72	39	212	10	15	0.00	0.00	1001.2
04:56:02	71	39	209	14	17	0.00	0.00	1001.2
04:57:02	72	39	200	11	12	0.00	0.00	1001.3
04:58:02	72	39	202	12	14	0.00	0.00	1001.3
04:59:02	72	39	209	17	21	0.00	0.00	1001.2
05:00:02	72	39	220	13	15	0.00	0.00	1001.3
05:01:02	72	39	195	10	14	0.00	0.00	1001.3
05:02:02	72	39	197	14	15	0.00	0.00	1001.3
05:03:02	72	39	200	9	11	0.00	0.00	1001.3
05:04:02	72	39	206	12	13	0.00	0.00	1001.3
05:05:02	72	39	212	12	16	0.00	0.00	1001.3
05:06:02	72	39	196	8	10	0.00	0.00	1001.4
05:07:02	72	39	214	11	14	0.00	0.00	1001.4
05:08:02	72	39	195	11	14	0.00	0.00	1001.4
05:09:02	72	39	187	14	17	0.00	0.00	1001.4
05:10:02	72	39	192	12	13	0.00	0.00	1001.4
05:11:02	72	39	189	12	14	0.00	0.00	1001.4
05:12:02	72	39	193	11	16	0.00	0.00	1001.4
05:13:02	72	39	204	12	15	0.00	0.00	1001.5
05:14:02	72	39	189	11	13	0.00	0.00	1001.5
05:15:02	72	39	189	15	16	0.00	0.00	1001.4
05:16:02	73	39	179	14	17	0.00	0.00	1001.5
05:17:02	73	39	177	14	17	0.00	0.00	1001.5
05:18:02	73	39	182	13	15	0.00	0.00	1001.5
05:19:02	73	39	194	13	17	0.00	0.00	1001.5
05:20:02	74	39	212	11	15	0.00	0.00	1001.4
05:21:02	74	39	210	10	13	0.00	0.00	1001.4
05:22:02	74	39	208	14	18	0.00	0.00	1001.4
05:23:02	74	39	177	12	15	0.00	0.00	1001.4
05:24:02	74	39	201	10	12	0.00	0.00	1001.4
05:25:02	74	39	188	8	9	0.00	0.00	1001.5
05:26:02	74	39	194	11	17	0.00	0.00	1001.5
05:27:02	74	39	201	11	12	0.00	0.00	1001.5
05:28:02	74	39	201	10	12	0.00	0.00	1001.5
05:29:02	74	39	187	12	14	0.00	0.00	1001.5
05:30:02	74	39	196	12	15	0.00	0.00	1001.5
05:31:02	74	39	168	11	14	0.00	0.00	1001.5
05:32:02	75	39	179	8	10	0.00	0.00	1001.5
05:33:02	75	39	182	6	8	0.00	0.00	1001.6
05:34:02	74	39	185	8	9	0.00	0.00	1001.6
05:35:02	74	39	186	11	13	0.00	0.00	1001.6
05:36:02	74	39	207	11	14	0.00	0.00	1001.6
05:37:02	74	39	187	11	14	0.00	0.00	1001.6
05:38:02	74	39	192	10	11	0.00	0.00	1001.6
05:39:02	75	39	189	9	11	0.00	0.00	1001.7
05:40:02	75	39	161	8	9	0.00	0.00	1001.7
05:41:02	75	39	191	11	17	0.00	0.00	1001.8
05:42:02	75	39	204	14	18	0.00	0.00	1001.8
05:43:02	75	39	206	15	17	0.00	0.00	1001.8
05:44:02	75	39	204	17	21	0.00	0.00	1001.8
05:45:02	75	39	189	15	19	0.00	0.00	1001.8
05:46:02	75	39	198	19	21	0.00	0.00	1001.8
05:47:02	76	39	208	14	16	0.00	0.00	1001.8
05:48:02	76	39	199	14	15	0.00	0.00	1001.9
05:49:02	76	39	204	12	14	0.00	0.00	1001.9
05:50:02	76	39	206	11	15	0.00	0.00	1001.9
05:51:02	76	39	202	13	14	0.00	0.00	1001.9
05:52:02	76	39	201	11	12	0.00	0.00	1002.0
05:53:02	76	39	182	15	20	0.00	0.00	1002.0
05:54:02	76	38	201	17	19	0.00	0.00	1002.0
05:55:02	76	38	202	11	13	0.00	0.00	1002.0
05:56:02	77	38	172	11	14	0.00	0.00	1002.0
05:57:02	77	38	179	13	15	0.00	0.00	1002.0
05:58:02	77	38	172	12	16	0.00	0.00	1002.0
05:59:02	77	38	182	12	15	0.00	0.00	1002.0
06:00:02	78	38	174	10	12	0.00	0.00	1002.0
06:01:02	78	38	186	8	10	0.00	0.00	1002.0
06:02:02	78	38	200	7	10	0.00	0.00	1002.0
06:03:02	78	38	198	11	13	0.00	0.00	1002.0
06:04:02	78	38	166	11	14	0.00	0.00	1002.0
06:05:02	78	38	165	10	11	0.00	0.00	1002.0
06:06:02	78	38	186	9	11	0.00	0.00	1002.1
06:07:02	78	38	192	11	12	0.00	0.00	1002.1
06:08:02	78	38	205	11	14	0.00	0.00	1002.1
06:09:02	79	38	168	13	15	0.00	0.00	1002.1
06:10:02	79	38	179	12	14	0.00	0.00	1002.1
06:11:02	79	38	202	10	11	0.00	0.00	1002.1
06:12:02	79	38	171	12	13	0.00	0.00	1002.1
06:13:02	79	38	172	11	12	0.00	0.00	1002.1
06:14:02	79	38	184	12	13	0.00	0.00	1002.1
06:15:02	79	38	189	14	17	0.00	0.00	1002.1
06:16:02	79	38	169	11	15	0.00	0.00	1002.2
06:17:02	79	38	186	9	11	0.00	0.00	1002.2
06:18:02	79	38	175	11	12	0.00	0.00	1002.2
06:19:02	79	38	179	10	12	0.00	0.00	1002.2
06:20:02	79	38	181	15	19	0.00	0.00	1002.2
06:21:02	79	38	193	13	15	0.00	0.00	1002.3
06:22:02	78	38	179	16	19	0.00	0.00	1002.3
06:23:02	78	38	174	17	21	0.00	0.00	1002.3
06:24:02	78	38	177	15	16	0.00	0.00	1002.3
06:25:02	78	38	181	15	18	0.00	0.00	1002.3
06:26:02	78	38	177	16	21	0.00	0.00	1002.3
06:27:02	78	38	170	12	16	0.00	0.00	1002.2
06:28:02	79	38	177	8	10	0.00	0.00	1002.3
06:29:02	79	38	182	8	10	0.00	0.00	1002.3
06:30:02	78	38	190	13	17	0.00	0.00	1002.3
06:31:02	78	38	183	14	16	0.00	0.00	1002.3
06:32:02	78	38	165	12	13	0.00	0.00	1002.2
06:33:02	78	38	166	12	14	0.00	0.00	1002.2
06:34:02	78	38	166	14	16	0.00	0.00	1002.3
06:35:02	78	38	170	12	15	0.00	0.00	1002.3
06:36:02	78	38	163	15	16	0.00	0.00	1002.3
06:37:02	78	38	170	12	17	0.00	0.00	1002.3
06:38:02	78	38	190	9	12	0.00	0.00	1002.3
06:39:02	78	38	183	13	19	0.00	0.00	1002.3
06:40:02	78	38	181	11	15	0.00	0.00	1002.3
06:41:02	78	38	199	12	14	0.00	0.00	1002.4
06:42:02	78	38	202	10	11	0.00	0.00	1002.4
06:43:02	77	38	180	11	13	0.00	0.00	1002.4
06:44:02	78	38	187	9	10	0.00	0.00	1002.4
06:45:02	78	38	188	12	14	0.00	0.00	1002.4
06:46:02	78	38	199	11	14	0.00	0.00	1002.5
06:47:02	78	38	163	12	14	0.00	0.00	1002.5
06:48:02	78	38	189	12	14	0.00	0.00	1002.5
06:49:02	78	38	186	11	12	0.00	0.00	1002.5
06:50:02	78	38	171	9	10	0.00	0.00	1002.5
06:51:02	78	38	166	10	15	0.00	0.00	1002.5
06:52:02	78	38	192	11	16	0.00	0.00	1002.5
06:53:02	78	38	179	13	14	0.00	0.00	1002.5
06:54:02	78	38	186	9	10	0.00	0.00	1002.6
06:55:02	78	38	200	9	13	0.00	0.00	1002.6
06:56:02	78	38	179	19	22	0.00	0.00	1002.6
06:57:02	78	38	178	13	16	0.00	0.00	1002.6
06:58:02	78	38	175	11	14	0.00	0.00	1002.6
06:59:02	78	38	207	11	15	0.00	0.00	1002.6
07:00:02	78	38	183	11	13	0.00	0.00	1002.6
07:01:02	78	38	183	13	14	0.00	0.00	1002.6
07:02:02	78	38	186	10	13	0.00	0.00	1002.6
07:03:02	79	38	182	9	10	0.00	0.00	1002.6
07:04:02	78	38	191	10	12	0.00	0.00	1002.6
07:05:02	78	38	186	10	13	0.00	0.00	1002.6
07:06:02	78	38	173	12	14	0.00	0.00	1002.7
07:07:02	78	38	163	13	17	0.00	0.00	1002.7
07:08:02	78	38	187	12	14	0.00	0.00	1002.7
07:09:02	78	38	186	9	12	0.00	0.00	1002.7
07:10:02	78	38	187	10	13	0.00	0.00	1002.7
07:11:02	78	38	194	10	12	0.00	0.00	1002.8
07:12:02	78	38	179	9	13	0.00	0.00	1002.8
07:13:02	78	39	181	10	12	0.00	0.00	1002.8
07:14:02	78	39	187	9	10	0.00	0.00	1002.8
07:15:02	78	39	184	10	13	0.00	0.00	1002.8
07:16:02	78	39	172	10	11	0.00	0.00	1002.8
07:17:02	78	39	181	11	13	0.00	0.00	1002.9
07:18:02	78	39	181	7	9	0.00	0.00	1002.9
07:19:02	77	39	180	8	12	0.00	0.00	1002.9
07:20:02	77	39	183	10	12	0.00	0.00	1002.9
07:21:02	78	39	171	9	12	0.00	0.00	1002.9
07:22:02	78	39	180	7	10	0.00	0.00	1002.9
07:23:02	78	39	189	7	8	0.00	0.00	1002.9
07:24:02	78	39	184	9	10	0.00	0.00	1002.9
07:25:02	77	39	190	11	13	0.00	0.00	1002.9
07:26:02	77	39	197	10	14	0.00	0.00	1002.9
07:27:02	77	39	194	12	14	0.00	0.00	1002.9
07:28:02	77	39	196	14	16	0.00	0.00	1003.0
07:29:02	77	39	191	15	19	0.00	0.00	1002.9
07:30:02	77	39	208	11	13	0.00	0.00	1002.9
07:31:02	77	39	176	10	14	0.00	0.00	1002.9
07:32:02	77	39	176	11	13	0.00	0.00	1002.9
07:33:02	77	39	168	12	13	0.00	0.00	1002.9
07:34:02	77	39	169	8	11	0.00	0.00	1002.9
07:35:02	77	39	182	10	13	0.00	0.00	1002.9
07:36:02	76	39	191	14	17	0.00	0.00	1002.9
07:37:02	76	39	173	11	15	0.00	0.00	1002.9
07:38:02	76	39	179	15	17	0.00	0.00	1002.8
07:39:02	76	39	190	12	14	0.00	0.00	1002.8
07:40:02	77	39	188	11	13	0.00	0.00	1002.8
07:41:02	76	39	179	11	16	0.00	0.00	1002.9
07:42:02	76	39	179	8	16	0.00	0.00	1002.9
07:43:02	76	39	173	13	16	0.00	0.00	1002.9
07:44:02	76	39	191	12	16	0.00	0.00	1003.0
07:45:02	76	39	189	13	15	0.00	0.00	1003.0
07:46:02	75	39	183	14	17	0.00	0.00	1003.0
07:47:02	75	39	201	12	14	0.00	0.00	1003.0
07:48:02	75	39	196	13	16	0.00	0.00	1003.0
07:49:02	75	39	190	12	14	0.00	0.00	1003.1
07:50:02	75	39	204	11	14	0.00	0.00	1003.1
07:51:02	75	39	207	12	16	0.00	0.00	1003.1
07:52:02	75	39	196	9	11	0.00	0.00	1003.1
07:53:02	75	39	207	10	13	0.00	0.00	1003.1
07:54:02	75	39	214	11	13	0.00	0.00	1003.1
07:55:02	75	39	188	11	14	0.00	0.00	1003.1
07:56:02	75	39	190	10	13	0.00	0.00	1003.1
07:57:02	75	39	211	12	12	0.00	0.00	1003.2
07:58:02	75	39	194	10	12	0.00	0.00	1003.2
07:59:02	75	39	190	14	15	0.00	0.00	1003.2
08:00:02	75	39	196	11	14	0.00	0.00	1003.2
08:01:02	75	39	207	12	13	0.00	0.00	1003.2
08:02:02	75	39	196	10	12	0.00	0.00	1003.2
08:03:02	75	39	205	12	14	0.00	0.00	1003.2
08:04:02	75	39	193	9	11	0.00	0.00	1003.2
08:05:02	75	39	170	10	12	0.00	0.00	1003.2
08:06:02	75	39	192	6	9	0.00	0.00	1003.3
08:07:02	75	39	218	8	9	0.00	0.00	1003.3
08:08:02	75	39	204	12	15	0.00	0.00	1003.3
08:09:02	75	39	192	10	12	0.00	0.00	1003.4
08:10:02	75	39	211	9	10	0.00	0.00	1003.3
08:11:02	75	39	201	11	13	0.00	0.00	1003.3
08:12:02	75	39	188	9	11	0.00	0.00	1003.3
08:13:02	75	39	183	10	12	0.00	0.00	1003.3
08:14:02	74	39	192	14	15	0.00	0.00	1003.3
08:15:02	74	39	189	10	12	0.00	0.00	1003.4
08:16:02	74	39	197	12	16	0.00	0.00	1003.4
08:17:02	74	39	201	14	17	0.00	0.00	1003.3
08:18:02	74	39	203	13	16	0.00	0.00	1003.4
08:19:02	74	39	194	10	13	0.00	0.00	1003.4
08:20:02	74	39	194	8	10	0.00	0.00	1003.4
08:21:02	74	39	200	12	15	0.00	0.00	1003.5
08:22:02	74	39	194	11	15	0.00	0.00	1003.5
08:23:02	74	39	189	13	16	0.00	0.00	1003.5
08:24:02	74	39	177	17	19	0.00	0.00	1003.5
08:25:02	74	39	198	13	14	0.00	0.00	1003.5
08:26:02	75	39	191	12	15	0.00	0.00	1003.5
08:27:02	74	39	202	10	13	0.00	0.00	1003.5
08:28:02	75	39	199	8	10	0.00	0.00	1003.5
08:29:02	75	39	212	8	9	0.00	0.00	1003.5
08:30:02	75	39	193	12	14	0.00	0.00	1003.5
08:31:02	74	39	208	11	13	0.00	0.00	1003.5
08:32:02	74	39	201	11	15	0.00	0.00	1003.5
08:33:02	74	39	200	9	10	0.00	0.00	1003.5
08:34:02	75	39	183	9	12	0.00	0.00	1003.5
08:35:02	74	39	201	10	14	0.00	0.00	1003.5
08:36:02	74	39	195	8	12	0.00	0.00	1003.5
08:37:02	74	39	194	9	11	0.00	0.00	1003.6
08:38:02	74	39	178	11	14	0.00	0.00	1003.6
08:39:02	74	39	187	12	14	0.00	0.00	1003.6
08:40:02	74	39	197	11	13	0.00	0.00	1003.6
08:41:02	74	39	195	10	11	0.00	0.00	1003.6
08:42:02	74	39	210	13	17	0.00	0.00	1003.6
08:43:02	73	39	182	10	14	0.00	0.00	1003.6
08:44:02	74	39	170	12	15	0.00	0.00	1003.7
08:45:02	74	39	202	11	13	0.00	0.00	1003.7
08:46:02	73	39	216	11	16	0.00	0.00	1003.7
08:47:02	73	39	199	11	13	0.00	0.00	1003.7
08:48:02	73	39	199	12	13	0.00	0.00	1003.8
08:49:02	73	39	207	12	13	0.00	0.00	1003.8
08:50:02	73	39	198	10	12	0.00	0.00	1003.8
08:51:02	73	39	209	12	13	0.00	0.00	1003.8
08:52:02	73	39	174	12	13	0.00	0.00	1003.9
08:53:02	73	39	183	12	14	0.00	0.00	1003.9
08:54:02	73	39	184	12	14	0.00	0.00	1004.0
08:55:02	72	39	216	13	16	0.00	0.00	1004.0
08:56:02	72	39	193	11	12	0.00	0.00	1004.0
08:57:02	72	39	212	11	13	0.00	0.00	1004.0
08:58:02	73	39	207	9	10	0.00	0.00	1004.0
08:59:02	73	39	210	8	9	0.00	0.00	1004.0
09:00:02	73	39	209	8	9	0.00	0.00	1004.1
09:01:02	73	39	184	10	13	0.00	0.00	1004.1
09:02:02	73	39	200	9	11	0.00	0.00	1004.1
09:03:02	73	39	216	9	11	0.00	0.00	1004.1
09:04:02	72	39	211	10	11	0.00	0.00	1004.2
09:05:02	72	39	228	7	9	0.00	0.00	1004.2
09:06:02	72	39	209	7	8	0.00	0.00	1004.2
09:07:02	72	39	219	8	9	0.00	0.00	1004.2
09:08:02	72	39	187	6	8	0.00	0.00	1004.2
09:09:02	72	39	215	7	7	0.00	0.00	1004.2
09:10:02	72	39	204	7	9	0.00	0.00	1004.3
09:11:02	72	39	219	8	9	0.00	0.00	1004.3
09:12:02	72	39	209	10	11	0.00	0.00	1004.3
09:13:02	72	39	211	8	10	0.00	0.00	1004.4
09:14:02	72	39	200	10	11	0.00	0.00	1004.3
09:15:02	72	39	201	7	15	0.00	0.00	1004.4
09:16:02	72	39	195	10	15	0.00	0.00	1004.4
09:17:02	72	39	182	10	13	0.00	0.00	1004.4
09:18:02	72	39	199	12	13	0.00	0.00	1004.4
09:19:02	72	39	209	10	13	0.00	0.00	1004.5
09:20:02	72	39	191	11	14	0.00	0.00	1004.5
09:21:02	72	39	180	13	16	0.00	0.00	1004.5
09:22:02	72	39	191	12	14	0.00	0.00	1004.6
09:23:02	72	39	197	15	16	0.00	0.00	1004.6
09:24:02	72	39	210	11	15	0.00	0.00	1004.6
09:25:02	72	39	179	13	18	0.00	0.00	1004.6
09:26:02	71	39	189	12	14	0.00	0.00	1004.6
09:27:02	71	39	204	10	11	0.00	0.00	1004.7
09:28:02	71	39	196	10	12	0.00	0.00	1004.7
09:29:02	71	39	207	10	14	0.00	0.00	1004.7
09:30:02	71	39	220	11	13	0.00	0.00	1004.7
09:31:02	71	39	184	9	11	0.00	0.00	1004.8
09:32:02	71	39	205	11	12	0.00	0.00	1004.8
09:33:02	72	39	202	10	15	0.00	0.00	1004.8
09:34:02	71	39	196	14	16	0.00	0.00	1004.8
09:35:02	71	39	186	12	13	0.00	0.00	1004.9
09:36:02	71	39	192	14	15	0.00	0.00	1004.9
09:37:02	71	39	190	13	15	0.00	0.00	1004.9
09:38:02	71	39	209	12	16	0.00	0.00	1004.9
09:39:02	71	39	199	10	13	0.00	0.00	1005.0
09:40:02	72	39	196	11	13	0.00	0.00	1005.0
09:41:02	71	39	201	8	12	0.00	0.00	1005.0
09:42:02	71	39	193	10	13	0.00	0.00	1005.1
09:43:02	71	39	197	9	14	0.00	0.00	1005.1
09:44:02	71	39	190	12	15	0.00	0.00	1005.1
09:45:02	71	39	198	12	13	0.00	0.00	1005.1
09:46:02	71	39	194	10	11	0.00	0.00	1005.1
09:47:02	71	39	206	8	10	0.00	0.00	1005.1
09:48:02	71	39	204	9	10	0.00	0.00	1005.1
09:49:02	71	39	208	10	13	0.00	0.00	1005.1
09:50:02	71	39	219	12	14	0.00	0.00	1005.2
09:51:02	72	39	200	10	12	0.00	0.00	1005.1
09:52:02	71	39	216	13	14	0.00	0.00	1005.1
09:53:02	71	39	209	12	16	0.00	0.00	1005.1
09:54:02	71	39	215	11	13	0.00	0.00	1005.2
09:55:02	71	39	197	11	12	0.00	0.00	1005.2
09:56:02	71	39	215	12	15	0.00	0.00	1005.2
09:57:02	71	39	197	11	16	0.00	0.00	1005.3
09:58:02	71	39	186	14	18	0.00	0.00	1005.3
09:59:02	71	39	203	14	20	0.00	0.00	1005.3
10:00:02	70	39	195	13	14	0.00	0.00	1005.3
10:01:02	71	39	195	11	12	0.00	0.00	1005.3
10:02:02	71	39	192	8	9	0.00	0.00	1005.4
10:03:02	71	39	186	12	14	0.00	0.00	1005.4
10:04:02	70	39	219	17	18	0.00	0.00	1005.4
10:05:02	70	39	204	10	14	0.00	0.00	1005.4
10:06:02	71	39	201	10	12	0.00	0.00	1005.5
10:07:02	71	39	212	11	13	0.00	0.00	1005.5
10:08:02	71	39	214	12	13	0.00	0.00	1005.5
10:09:02	71	39	218	12	13	0.00	0.00	1005.5
10:10:02	71	39	217	14	15	0.00	0.00	1005.5
10:11:02	71	39	216	11	13	0.00	0.00	1005.5
10:12:02	72	39	214	10	11	0.00	0.00	1005.6
10:13:02	71	39	198	13	15	0.00	0.00	1005.6
10:14:02	71	39	224	10	11	0.00	0.00	1005.6
10:15:02	71	39	212	13	16	0.00	0.00	1005.6
10:16:02	71	39	220	14	17	0.00	0.00	1005.6
10:17:02	72	39	202	13	16	0.00	0.00	1005.6
10:18:02	71	39	187	18	21	0.00	0.00	1005.7
10:19:02	71	38	205	14	15	0.00	0.00	1005.7
10:20:02	71	39	202	16	17	0.00	0.00	1005.7
10:21:02	71	38	216	11	13	0.00	0.00	1005.7
10:22:02	71	39	208	13	14	0.00	0.00	1005.7
10:23:02	71	38	204	12	15	0.00	0.00	1005.8
10:24:02	72	39	219	13	15	0.00	0.00	1005.8
10:25:02	72	38	208	9	13	0.00	0.00	1005.8
10:26:02	72	38	201	12	14	0.00	0.00	1005.8
10:27:02	71	38	211	11	13	0.00	0.00	1005.8
10:28:02	71	38	213	13	15	0.00	0.00	1005.8
10:29:02	71	38	231	9	12	0.00	0.00	1005.9
10:30:02	72	38	210	10	12	0.00	0.00	1005.9
10:31:02	72	38	189	8	10	0.00	0.00	1005.8
10:32:02	71	38	214	11	11	0.00	0.00	1005.8
10:33:02	71	38	216	9	11	0.00	0.00	1005.8
10:34:02	71	38	212	12	14	0.00	0.00	1005.8
10:35:02	72	38	216	9	12	0.00	0.00	1005.8
10:36:02	72	38	189	9	11	0.00	0.00	1005.8
10:37:02	72	38	166	10	15	0.00	0.00	1005.9
10:38:02	71	38	179	13	16	0.00	0.00	1005.9
10:39:02	71	38	187	14	17	0.00	0.00	1005.9
10:40:02	71	38	192	10	12	0.00	0.00	1005.9
10:41:02	71	38	195	12	15	0.00	0.00	1005.9
10:42:02	71	38	210	10	12	0.00	0.00	1005.9
10:43:02	71	38	214	14	16	0.00	0.00	1005.9
10:44:02	72	38	207	10	12	0.00	0.00	1005.9
10:45:02	72	38	184	10	11	0.00	0.00	1005.9
10:46:02	72	38	202	8	9	0.00	0.00	1005.9
10:47:02	72	38	186	8	9	0.00	0.00	1006.0
10:48:02	71	38	182	11	14	0.00	0.00	1005.9
10:49:02	71	38	192	14	16	0.00	0.00	1005.9
10:50:02	71	38	179	15	18	0.00	0.00	1006.0
10:51:02	72	38	207	12	15	0.00	0.00	1006.0
10:52:02	72	38	199	11	12	0.00	0.00	1006.0
10:53:02	72	38	205	12	15	0.00	0.00	1006.0
10:54:02	72	38	214	10	14	0.00	0.00	1006.0
10:55:02	72	38	224	10	12	0.00	0.00	1006.0
10:56:02	72	38	209	12	14	0.00	0.00	1006.0
10:57:02	72	37	203	15	17	0.00	0.00	1006.0
10:58:02	72	37	199	13	16	0.00	0.00	1006.0
10:59:02	72	37	216	9	12	0.00	0.00	1006.0
11:00:02	72	37	214	9	11	0.00	0.00	1006.0
11:01:02	72	37	193	10	13	0.00	0.00	1006.0
11:02:02	72	37	201	10	12	0.00	0.00	1006.0
11:03:02	72	37	191	15	17	0.00	0.00	1006.0
11:04:02	72	37	201	11	12	0.00	0.00	1006.0
11:05:02	72	37	211	10	13	0.00	0.00	1006.0
11:06:02	72	37	214	10	11	0.00	0.00	1006.1
11:07:02	73	37	203	9	11	0.00	0.00	1006.1
11:08:02	72	37	193	14	18	0.00	0.00	1006.1
11:09:02	73	37	196	13	16	0.00	0.00	1006.1
11:10:02	73	37	204	11	16	0.00	0.00	1006.1
11:11:02	73	37	223	14	15	0.00	0.00	1006.1
11:12:02	74	37	209	9	10	0.00	0.00	1006.2
11:13:02	74	37	184	13	19	0.00	0.00	1006.2
11:14:02	74	37	209	15	18	0.00	0.00	1006.2
11:15:02	73	37	197	18	19	0.00	0.00	1006.1
11:16:02	74	37	213	14	16	0.00	0.00	1006.2
11:17:02	74	37	209	14	16	0.00	0.00	1006.1
11:18:02	75	37	219	11	13	0.00	0.00	1006.1
11:19:02	75	37	210	11	17	0.00	0.00	1006.2
11:20:02	75	37	203	10	12	0.00	0.00	1006.2
11:21:02	75	37	209	11	13	0.00	0.00	1006.2
11:22:02	75	37	207	11	15	0.00	0.00	1006.2
11:23:02	75	37	194	13	15	0.00	0.00	1006.2
11:24:02	75	37	196	13	16	0.00	0.00	1006.2
11:25:02	75	37	188	15	17	0.00	0.00	1006.2
11:26:02	75	37	203	14	16	0.00	0.00	1006.2
11:27:02	75	37	199	15	18	0.00	0.00	1006.3
11:28:02	75	37	207	12	15	0.00	0.00	1006.3
11:29:02	75	37	211	11	12	0.00	0.00	1006.3
11:30:02	75	37	181	13	14	0.00	0.00	1006.3
11:31:02	75	37	180	9	11	0.00	0.00	1006.3
11:32:02	75	37	191	11	12	0.00	0.00	1006.4
11:33:02	75	37	194	13	16	0.00	0.00	1006.3
11:34:02	75	37	190	12	16	0.00	0.00	1006.4
11:35:02	75	37	202	10	11	0.00	0.00	1006.4
11:36:02	75	37	218	12	13	0.00	0.00	1006.4
11:37:02	75	37	197	9	11	0.00	0.00	1006.4
11:38:02	75	37	194	11	13	0.00	0.00	1006.4
11:39:02	76	37	190	8	10	0.00	0.00	1006.4
11:40:02	76	37	180	9	11	0.00	0.00	1006.4
11:41:02	76	37	201	7	8	0.00	0.00	1006.5
11:42:02	76	37	186	9	10	0.00	0.00	1006.4
11:43:02	76	37	191	7	9	0.00	0.00	1006.4
11:44:02	76	37	168	6	7	0.00	0.00	1006.5
11:45:02	76	37	192	7	8	0.00	0.00	1006.5
11:46:02	76	37	194	9	10	0.00	0.00	1006.5
11:47:02	76	37	190	9	10	0.00	0.00	1006.5
11:48:02	76	37	165	9	12	0.00	0.00	1006.5
11:49:02	77	37	165	8	9	0.00	0.00	1006.5
11:50:02	76	37	160	9	10	0.00	0.00	1006.5
11:51:02	76	37	177	9	10	0.00	0.00	1006.4
11:52:02	76	37	155	9	12	0.00	0.00	1006.5
11:53:02	76	37	179	9	10	0.00	0.00	1006.5
11:54:02	76	37	180	6	8	0.00	0.00	1006.5
11:55:02	77	37	154	4	7	0.00	0.00	1006.6
11:56:02	76	37	167	9	10	0.00	0.00	1006.6
11:57:02	76	37	164	7	9	0.00	0.00	1006.6
11:58:02	77	37	163	6	7	0.00	0.00	1006.6
11:59:02	77	37	158	5	6	0.00	0.00	1006.6
12:00:02	76	37	184	6	7	0.00	0.00	1006.6
12:01:02	76	37	185	4	5	0.00	0.00	1006.7
12:02:02	77	37	170	4	5	0.00	0.00	1006.7
12:03:02	77	37	138	4	4	0.00	0.00	1006.7
12:04:02	77	37	130	5	7	0.00	0.00	1006.7
12:05:02	77	37	121	4	6	0.00	0.00	1006.8
12:06:02	77	37	148	5	6	0.00	0.00	1006.8
12:07:02	77	37	164	4	5	0.00	0.00	1006.8
12:08:02	77	37	148	3	4	0.00	0.00	1006.8
12:09:02	77	37	156	6	8	0.00	0.00	1006.8
12:10:02	76	37	160	7	9	0.00	0.00	1006.8
12:11:02	76	37	197	8	10	0.00	0.00	1006.8
12:12:02	77	37	215	8	9	0.00	0.00	1006.8
12:13:02	77	37	207	6	7	0.00	0.00	1006.8
12:14:02	77	37	192	7	9	0.00	0.00	1006.8
12:15:02	77	37	206	5	6	0.00	0.00	1006.9
12:16:02	77	37	179	6	6	0.00	0.00	1006.8
12:17:02	77	37	161	5	8	0.00	0.00	1006.9
12:18:02	77	37	164	9	11	0.00	0.00	1006.8
12:19:02	77	37	134	5	7	0.00	0.00	1006.9
12:20:02	77	37	160	8	11	0.00	0.00	1006.9
12:21:02	77	37	175	9	11	0.00	0.00	1006.9
12:22:02	77	37	196	8	9	0.00	0.00	1006.9
12:23:02	77	37	177	6	7	0.00	0.00	1006.9
12:24:02	77	37	158	7	10	0.00	0.00	1006.9
12:25:02	77	37	168	9	12	0.00	0.00	1006.9
12:26:02	77	37	161	8	14	0.00	0.00	1006.9
12:27:02	77	37	180	11	12	0.00	0.00	1006.9
12:28:02	77	37	168	9	10	0.00	0.00	1006.9
12:29:02	77	37	163	7	8	0.00	0.00	1006.9
12:30:02	77	37	162	5	7	0.00	0.00	1007.0
12:31:02	77	37	163	10	12	0.00	0.00	1006.9
12:32:02	77	37	159	9	11	0.00	0.00	1007.0
12:33:02	77	37	164	10	11	0.00	0.00	1007.0
12:34:02	78	37	161	9	11	0.00	0.00	1007.0
12:35:02	77	37	163	10	12	0.00	0.00	1007.0
12:36:02	78	37	154	10	12	0.00	0.00	1007.0
12:37:02	78	37	156	8	10	0.00	0.00	1007.0
12:38:02	78	37	169	10	12	0.00	0.00	1007.0
12:39:02	78	37	171	8	9	0.00	0.00	1007.0
12:40:02	78	37	170	9	11	0.00	0.00	1007.1
12:41:02	78	37	166	9	13	0.00	0.00	1007.1
12:42:02	78	37	183	10	13	0.00	0.00	1007.1
12:43:02	78	37	170	9	10	0.00	0.00	1007.1
12:44:02	78	37	167	7	9	0.00	0.00	1007.1
12:45:02	78	37	144	6	7	0.00	0.00	1007.2
12:46:02	78	37	162	8	9	0.00	0.00	1007.2
12:47:02	77	37	173	11	14	0.00	0.00	1007.2
12:48:02	77	37	170	10	12	0.00	0.00	1007.2
12:49:02	78	37	166	9	10	0.00	0.00	1007.2
12:50:02	78	37	176	8	10	0.00	0.00	1007.2
12:51:02	78	37	166	6	9	0.00	0.00	1007.2
12:52:02	78	37	179	9	10	0.00	0.00	1007.2
12:53:02	78	37	177	12	13	0.00	0.00	1007.2
12:54:02	78	37	176	12	17	0.00	0.00	1007.2
12:55:02	78	36	178	14	16	0.00	0.00	1007.2
12:56:02	78	37	187	8	10	0.00	0.00	1007.2
12:57:02	78	37	174	8	10	0.00	0.00	1007.2
12:58:02	79	37	188	7	7	0.00	0.00	1007.3
12:59:02	79	37	172	10	13	0.00	0.00	1007.3
13:00:02	78	37	176	13	16	0.00	0.00	1007.3
13:01:02	78	36	176	13	16	0.00	0.00	1007.3
13:02:02	79	37	179	12	14	0.00	0.00	1007.3
13:03:02	79	37	179	9	11	0.00	0.00	1007.3
13:04:02	79	37	173	9	12	0.00	0.00	1007.3
13:05:02	79	37	186	7	7	0.00	0.00	1007.3
13:06:02	79	37	189	11	13	0.00	0.00	1007.3
13:07:02	79	37	196	10	13	0.00	0.00	1007.3
13:08:02	79	37	188	9	11	0.00	0.00	1007.3
13:09:02	79	37	168	8	10	0.00	0.00	1007.3
13:10:02	79	37	169	9	12	0.00	0.00	1007.3
13:11:02	79	37	193	8	11	0.00	0.00	1007.3
13:12:02	79	37	185	11	12	0.00	0.00	1007.3
13:13:02	79	37	189	11	15	0.00	0.00	1007.3
13:14:02	79	37	179	12	13	0.00	0.00	1007.3
13:15:02	79	37	191	8	9	0.00	0.00	1007.3
13:16:02	79	37	177	11	16	0.00	0.00	1007.3
13:17:02	78	37	194	13	16	0.00	0.00	1007.3
13:18:02	79	37	197	9	12	0.00	0.00	1007.3
13:19:02	79	37	183	12	16	0.00	0.00	1007.4
13:20:02	79	37	171	15	20	0.00	0.00	1007.4
13:21:02	78	37	191	16	19	0.00	0.00	1007.3
13:22:02	78	37	178	12	17	0.00	0.00	1007.4
13:23:02	78	37	174	12	14	0.00	0.00	1007.4
13:24:02	78	37	178	12	13	0.00	0.00	1007.4
13:25:02	78	37	184	10	12	0.00	0.00	1007.4
13:26:02	78	37	191	7	9	0.00	0.00	1007.4
13:27:02	78	37	202	9	12	0.00	0.00	1007.4
13:28:02	78	37	198	10	14	0.00	0.00	1007.5
13:29:02	78	37	200	10	14	0.00	0.00	1007.5
13:30:02	78	37	184	10	15	0.00	0.00	1007.5
13:31:02	78	37	188	8	10	0.00	0.00	1007.5
13:32:02	78	37	198	10	14	0.00	0.00	1007.4
13:33:02	78	37	184	8	10	0.00	0.00	1007.5
13:34:02	78	37	192	10	10	0.00	0.00	1007.5
13:35:02	78	37	176	10	10	0.00	0.00	1007.5
13:36:02	78	37	190	8	11	0.00	0.00	1007.5
13:37:02	78	37	168	4	5	0.00	0.00	1007.5
13:38:02	78	37	176	7	10	0.00	0.00	1007.5
13:39:02	78	37	187	9	12	0.00	0.00	1007.5
13:40:02	78	37	201	8	11	0.00	0.00	1007.5
13:41:02	78	37	178	10	12	0.00	0.00	1007.5
13:42:02	78	37	192	10	11	0.00	0.00	1007.5
13:43:02	78	37	189	11	16	0.00	0.00	1007.5
13:44:02	78	37	189	12	16	0.00	0.00	1007.5
13:45:02	78	37	196	11	12	0.00	0.00	1007.5
13:46:02	78	37	199	13	16	0.00	0.00	1007.5
13:47:02	78	37	187	9	11	0.00	0.00	1007.5
13:48:02	78	37	177	12	14	0.00	0.00	1007.5
13:49:02	78	37	185	10	12	0.00	0.00	1007.5
13:50:02	78	37	196	11	13	0.00	0.00	1007.5
13:51:02	78	37	174	8	11	0.00	0.00	1007.5
13:52:02	78	37	178	11	14	0.00	0.00	1007.5
13:53:02	78	37	178	10	12	0.00	0.00	1007.6
13:54:02	78	37	164	11	13	0.00	0.00	1007.5
13:55:02	78	37	163	14	17	0.00	0.00	1007.6
13:56:02	78	37	172	10	12	0.00	0.00	1007.6
13:57:02	78	37	178	9	11	0.00	0.00	1007.5
13:58:02	78	37	184	9	11	0.00	0.00	1007.6
13:59:02	78	37	185	9	11	0.00	0.00	1007.6
14:00:02	78	37	185	11	12	0.00	0.00	1007.6
14:01:02	78	37	169	8	12	0.00	0.00	1007.6
14:02:02	78	37	202	12	13	0.00	0.00	1007.6
14:03:02	78	37	200	11	12	0.00	0.00	1007.6
14:04:02	78	37	211	8	11	0.00	0.00	1007.6
14:05:02	78	37	188	9	10	0.00	0.00	1007.6
14:06:02	78	37	187	8	10	0.00	0.00	1007.6
14:07:02	78	37	205	7	8	0.00	0.00	1007.6
14:08:02	78	37	217	7	9	0.00	0.00	1007.7
14:09:02	78	37	187	7	8	0.00	0.00	1007.7
14:10:02	78	37	172	8	10	0.00	0.00	1007.7
14:11:02	78	37	186	8	11	0.00	0.00	1007.7
14:12:02	78	37	178	8	11	0.00	0.00	1007.7
14:13:02	78	37	183	9	12	0.00	0.00	1007.7
14:14:02	78	37	185	8	11	0.00	0.00	1007.7
14:15:02	78	37	184	11	12	0.00	0.00	1007.7
14:16:02	78	37	188	8	9	0.00	0.00	1007.7
14:17:02	78	37	191	11	14	0.00	0.00	1007.7
14:18:02	78	37	188	9	11	0.00	0.00	1007.7
14:19:02	78	37	188	12	13	0.00	0.00	1007.7
14:20:02	78	37	212	10	12	0.00	0.00	1007.7
14:21:02	78	37	200	10	12	0.00	0.00	1007.7
14:22:02	78	37	219	9	11	0.00	0.00	1007.7
14:23:02	78	37	202	10	12	0.00	0.00	1007.7
14:24:02	78	37	210	9	11	0.00	0.00	1007.7
14:25:02	78	37	210	10	13	0.00	0.00	1007.7
14:26:02	78	37	211	9	11	0.00	0.00	1007.7
14:27:02	78	37	205	9	13	0.00	0.00	1007.7
14:28:02	78	37	206	11	14	0.00	0.00	1007.8
14:29:02	78	37	197	9	10	0.00	0.00	1007.8
14:30:02	78	37	211	7	10	0.00	0.00	1007.8
14:31:02	78	37	199	7	7	0.00	0.00	1007.8
14:32:02	78	37	200	7	8	0.00	0.00	1007.8
14:33:02	78	37	190	10	12	0.00	0.03	1007.8
14:34:02	78	37	196	10	12	0.00	0.20	1007.9
14:35:02	78	37	195	7	8	0.00	0.37	1007.8
14:36:02	78	37	219	7	9	0.00	0.51	1007.9
14:37:02	78	37	189	6	9	0.00	0.61	1007.9
14:38:02	78	37	186	5	6	0.00	0.81	1007.9
14:39:02	78	37	181	5	6	0.00	0.81	1007.9
14:40:02	78	37	201	5	6	0.00	0.84	1007.9
14:41:02	78	37	213	7	7	0.00	0.81	1008.0
14:42:02	78	37	196	5	6	0.00	0.94	1008.0
14:43:02	78	37	198	10	11	0.00	1.31	1008.0
14:44:02	78	37	180	9	11	0.00	1.69	1008.0
14:45:02	78	37	175	10	11	0.00	2.02	1008.0
14:46:02	78	37	175	11	12	0.00	2.39	1008.0
14:47:02	78	37	197	10	12	0.00	2.80	1008.0
14:48:02	78	37	206	7	9	0.00	2.66	1008.0
14:49:02	78	37	211	9	10	0.00	2.66	1008.0
14:50:02	78	37	173	8	10	0.00	2.83	1008.0
14:51:02	78	37	205	6	7	0.00	3.34	1008.0
14:52:02	78	37	194	7	8	0.00	3.44	1008.0
14:53:02	78	37	174	6	7	0.00	3.44	1008.0
14:54:02	78	37	215	7	10	0.00	3.94	1008.0
14:55:02	78	37	217	10	11	0.00	4.79	1008.0
14:56:02	78	37	205	8	10	0.00	5.80	1008.0
14:57:02	78	37	181	10	13	0.00	6.61	1008.0
14:58:02	78	37	176	10	10	0.00	6.40	1008.0
14:59:02	78	37	205	10	14	0.00	5.90	1008.0
15:00:02	78	37	198	10	15	0.00	6.30	1008.1
15:01:02	77	37	202	13	15	0.00	6.71	1008.1
15:02:02	77	37	193	10	14	0.00	7.11	1008.1
15:03:02	77	37	190	11	13	0.00	6.77	1008.1
15:04:02	77	37	183	14	15	0.00	6.17	1008.1
15:05:02	77	37	186	12	15	0.00	6.40	1008.2
15:06:02	77	37	209	13	15	0.00	7.04	1008.2
15:07:02	77	37	180	10	13	0.00	7.18	1008.2
15:08:02	77	37	207	9	11	0.00	8.12	1008.2
15:09:02	77	37	217	9	10	0.00	8.43	1008.2
15:10:02	77	37	208	9	10	0.00	8.12	1008.2
15:11:02	77	37	210	7	10	0.00	7.92	1008.2
15:12:02	77	37	218	9	11	0.00	7.72	1008.2
15:13:02	77	37	211	12	13	0.00	8.36	1008.2
15:14:02	77	37	210	12	14	0.00	9.30	1008.2
15:15:02	77	37	205	13	14	0.00	10.28	1008.2
15:16:02	77	37	188	12	13	0.00	10.52	1008.2
15:17:02	77	37	215	10	12	0.00	10.85	1008.2
15:18:02	76	37	213	8	10	0.00	10.99	1008.2
15:19:02	76	37	209	8	10	0.00	10.72	1008.2
15:20:02	76	37	191	10	11	0.00	10.65	1008.2
15:21:02	77	37	196	8	8	0.00	10.88	1008.3
15:22:02	76	37	200	10	11	0.00	10.72	1008.2
15:23:02	76	37	202	8	11	0.00	10.52	1008.3
15:24:02	77	37	203	6	8	0.00	10.78	1008.3
15:25:02	77	37	205	8	10	0.00	9.94	1008.3
15:26:02	77	37	203	10	13	0.00	9.30	1008.3
15:27:02	77	37	210	7	9	0.00	8.69	1008.4
15:28:02	77	37	213	7	8	0.00	8.56	1008.4
15:29:02	77	37	195	8	9	0.00	8.93	1008.4
15:30:02	77	37	212	6	7	0.00	9.13	1008.4
15:31:02	77	37	221	6	7	0.00	9.30	1008.4
15:32:02	77	37	213	6	8	0.00	9.27	1008.4
15:33:02	77	37	225	10	12	0.00	8.53	1008.4
15:34:02	77	37	206	7	10	0.00	7.75	1008.4
15:35:02	77	37	210	9	11	0.00	7.78	1008.4
15:36:02	77	37	239	8	10	0.00	8.26	1008.4
15:37:02	78	37	220	10	11	0.00	8.63	1008.5
15:38:02	78	37	214	5	7	0.00	9.17	1008.5
15:39:02	78	37	207	8	9	0.00	9.77	1008.5
15:40:02	78	37	211	10	12	0.00	10.35	1008.5
15:41:02	77	37	197	12	14	0.00	11.90	1008.5
15:42:02	77	37	214	10	13	0.00	14.22	1008.5
15:43:02	77	37	188	7	9	0.00	16.04	1008.5
15:44:02	77	37	176	12	14	0.00	18.91	1008.5
15:45:02	77	37	192	10	12	0.00	24.06	1008.5
15:46:02	78	37	213	9	11	0.00	28.14	1008.5
15:47:02	77	37	215	9	11	0.00	30.23	1008.6
15:48:02	77	37	216	10	12	0.00	31.17	1008.6
15:49:02	78	37	206	7	9	0.00	29.82	1008.5
15:50:02	78	37	194	9	11	0.00	25.71	1008.6
15:51:02	78	37	223	8	10	0.00	24.87	1008.6
15:52:02	78	37	212	8	10	0.00	25.11	1008.6
15:53:02	78	37	208	8	10	0.00	26.45	1008.6
15:54:02	78	37	189	7	8	0.00	28.27	1008.6
15:55:02	78	37	202	7	8	0.00	32.18	1008.6
15:56:02	78	37	163	5	6	0.00	39.23	1008.7
15:57:02	78	37	165	6	8	0.00	40.91	1008.6
15:58:02	78	37	191	8	11	0.00	41.22	1008.7
15:59:02	78	37	185	11	13	0.00	51.26	1008.7
16:00:02	78	37	174	11	13	0.00	61.30	1008.7
16:01:02	78	37	169	11	13	0.00	68.51	1008.8
16:02:02	78	37	181	11	13	0.00	69.86	1008.7
16:03:02	78	37	195	7	8	0.00	59.04	1008.7
16:04:02	79	37	171	6	7	0.00	49.67	1008.7
16:05:02	79	37	182	5	6	0.00	52.47	1008.7
16:06:02	78	37	196	6	7	0.00	50.01	1008.7
16:07:02	78	37	181	6	8	0.00	47.89	1008.8
16:08:02	78	37	177	11	12	0.00	46.54	1008.8
16:09:02	77	37	167	11	13	0.00	52.20	1008.8
16:10:02	77	37	179	8	8	0.00	49.30	1008.8
16:11:02	78	37	190	9	13	0.00	42.83	1008.8
16:12:02	78	37	187	8	10	0.00	41.32	1008.9
16:13:02	78	37	190	7	10	0.00	43.20	1008.9
16:14:02	78	37	194	8	10	0.00	40.84	1008.9
16:15:02	78	37	180	7	10	0.00	38.86	1008.9
16:16:02	77	37	170	9	10	0.00	37.74	1008.9
16:17:02	77	37	195	8	15	0.00	33.63	1008.9
16:18:02	78	37	198	8	12	0.00	30.63	1008.9
16:19:02	77	37	222	8	10	0.00	31.38	1008.8
16:20:02	77	37	215	8	9	0.00	29.62	1008.8
16:21:02	78	37	181	5	8	0.00	24.94	1008.8
16:22:02	78	37	172	6	8	0.00	23.05	1008.8
16:23:02	77	37	189	8	9	0.00	21.94	1008.8
16:24:02	78	37	198	7	9	0.00	22.04	1008.8
16:25:02	78	37	180	7	8	0.00	26.99	1008.8
16:26:02	78	37	179	7	8	0.00	34.21	1008.8
16:27:02	78	37	188	7	8	0.00	36.19	1008.8
16:28:02	78	37	186	7	8	0.00	33.36	1008.8
16:29:02	78	37	175	9	11	0.00	29.69	1008.8
16:30:02	78	37	183	6	8	0.00	28.78	1008.9
16:31:02	78	37	183	6	7	0.00	33.23	1008.9
16:32:02	78	37	192	5	7	0.00	37.64	1008.9
16:33:02	78	37	180	6	8	0.00	41.72	1008.9
16:34:02	78	37	183	8	11	0.00	51.43	1008.9
16:35:02	78	37	202	6	7	0.00	55.77	1008.9
16:36:02	78	37	205	7	8	0.00	60.63	1008.9
16:37:02	77	37	192	7	10	0.00	63.16	1009.0
16:38:02	77	37	172	9	11	0.00	61.10	1009.0
16:39:02	77	37	178	9	11	0.00	63.12	1009.0
16:40:02	76	37	180	9	11	0.00	67.27	1009.0
16:41:03	76	37	171	8	12	0.00	69.22	1009.0
16:42:03	76	37	212	9	10	0.00	76.36	1009.0
16:43:03	76	37	211	10	12	0.00	70.77	1009.0
16:44:03	75	37	211	13	14	0.00	77.34	1009.0
16:45:03	76	37	208	11	13	0.00	83.85	1009.0
16:46:03	76	37	194	12	14	0.00	88.26	1009.0
16:47:03	76	37	201	9	12	0.00	92.37	1009.0
16:48:03	76	37	204	8	10	0.00	108.45	1009.1
16:49:03	76	37	192	7	8	0.00	136.86	1009.1
16:50:03	75	37	203	7	9	0.00	134.19	1009.1
16:51:03	75	38	199	9	12	0.00	140.13	1009.1
16:52:03	74	37	200	12	15	0.00	144.00	1009.1
16:53:03	75	37	203	10	13	0.00	143.23	1009.1
16:54:03	76	37	211	10	14	0.00	143.90	1009.1
16:55:03	75	37	209	13	16	0.00	126.68	1009.1
16:56:03	76	37	215	9	12	0.00	97.73	1009.1
16:57:03	76	37	204	10	11	0.00	103.46	1009.2
16:58:03	77	37	221	11	14	0.00	103.80	1009.1
16:59:03	77	37	216	13	14	0.00	89.51	1009.2
17:00:03	77	37	200	10	13	0.00	77.11	1009.2
17:01:03	78	37	220	9	11	0.00	68.41	1009.2
17:02:03	78	37	199	13	16	0.00	69.83	1009.2
17:03:03	78	37	202	12	16	0.00	65.51	1009.2
17:04:03	79	37	187	9	11	0.00	66.05	1009.2
17:05:03	79	37	200	10	12	0.00	76.16	1009.2
17:06:03	79	37	210	11	13	0.00	80.95	1009.2
17:07:03	79	37	211	11	14	0.00	82.19	1009.3
17:08:03	80	37	200	11	12	0.00	84.45	1009.3
17:09:03	80	37	193	10	12	0.00	85.87	1009.3
17:10:03	80	36	201	11	13	0.00	93.45	1009.3
17:11:03	81	36	193	9	11	0.00	100.66	1009.3
17:12:03	81	36	194	10	13	0.00	102.55	1009.3
17:13:03	81	36	210	12	15	0.00	106.42	1009.3
17:14:03	81	36	213	9	12	0.00	124.32	1009.3
17:15:03	82	36	201	8	10	0.00	139.65	1009.3
17:16:03	81	36	208	10	11	0.00	151.27	1009.3
17:17:03	81	36	213	9	10	0.00	164.35	1009.4
17:18:03	81	36	220	12	16	0.00	181.23	1009.4
17:19:03	81	36	216	12	14	0.00	205.26	1009.4
17:20:03	81	36	213	9	12	0.00	217.26	1009.4
17:21:03	81	36	200	10	13	0.00	196.63	1009.4
17:22:03	81	37	208	10	11	0.00	186.93	1009.5
17:23:03	81	37	201	11	13	0.00	200.24	1009.4
17:24:03	81	37	197	9	10	0.00	216.41	1009.5
17:25:03	81	37	205	9	12	0.00	237.85	1009.4
17:26:03	80	37	198	9	11	0.00	252.17	1009.5
17:27:03	81	37	207	7	9	0.00	183.39	1009.5
17:28:03	81	37	199	10	13	0.00	169.34	1009.5
17:29:03	80	37	202	9	11	0.00	192.19	1009.4
17:30:03	80	37	224	9	11	0.00	189.15	1009.5
17:31:03	80	37	211	8	10	0.00	175.27	1009.5
17:32:03	79	37	208	12	14	0.00	145.51	1009.5
17:33:03	78	37	213	11	13	0.00	116.77	1009.5
17:34:03	78	37	224	12	14	0.00	118.82	1009.6
17:35:03	78	37	205	13	15	0.00	136.61	1009.6
17:36:03	77	37	208	14	16	0.00	153.23	1009.7
17:37:03	77	37	212	10	12	0.00	171.22	1009.8
17:38:03	77	37	190	9	12	0.00	188.37	1009.8
17:39:03	77	37	208	9	10	0.00	195.42	1009.8
17:40:03	77	38	211	8	9	0.00	188.41	1009.9
17:41:03	76	38	222	12	15	0.00	182.21	1009.9
17:42:03	76	38	218	10	12	0.00	174.29	1009.9
17:43:03	76	38	211	10	13	0.00	159.96	1009.9
17:44:03	75	38	216	9	11	0.00	145.98	1009.9
17:45:03	76	38	217	8	10	0.00	135.40	1009.9
17:46:03	76	38	201	8	10	0.00	124.04	1009.9
17:47:03	75	38	208	10	11	0.00	111.40	1010.0
17:48:03	75	38	204	10	12	0.00	95.60	1009.8
17:49:03	75	38	207	9	11	0.00	91.83	1009.8
17:50:03	75	38	201	10	12	0.00	106.75	1009.8
17:51:03	75	38	215	9	11	0.00	155.65	1009.8
17:52:03	75	38	207	11	13	0.00	220.65	1009.8
17:53:03	75	38	200	8	11	0.00	267.76	1009.8
17:54:03	75	38	208	9	10	0.00	273.45	1009.8
17:55:03	74	38	218	10	11	0.00	239.04	1009.8
17:56:03	73	38	217	11	14	0.00	196.38	1009.9
17:57:03	73	38	210	11	17	0.00	160.43	1009.9
17:58:03	73	38	204	10	13	0.00	132.76	1009.9
17:59:03	73	38	213	12	14	0.00	121.21	1009.9
18:00:03	72	38	226	13	17	0.00	120.73	1009.9
18:01:03	72	38	223	15	16	0.00	120.16	1009.9
18:02:03	72	38	212	15	16	0.00	112.55	1009.9
18:03:03	72	38	204	11	15	0.00	105.17	1009.9
18:04:03	72	38	221	9	12	0.00	100.68	1009.9
18:05:03	72	38	235	9	11	0.00	99.27	1009.9
18:06:03	72	38	222	8	10	0.00	98.46	1009.9
18:07:03	72	38	218	10	13	0.00	102.84	1010.0
18:08:03	72	38	205	12	14	0.00	109.31	1010.0
18:09:03	72	38	211	10	11	0.00	113.45	1010.0
18:10:03	72	38	209	11	15	0.00	115.81	1010.0
18:11:03	72	38	214	10	12	0.00	119.62	1010.0
18:12:03	71	38	219	11	15	0.00	122.49	1010.0
18:13:03	71	38	208	13	15	0.00	125.48	1010.0
18:14:03	71	38	214	14	15	0.00	116.96	1010.1
18:15:03	71	38	204	11	16	0.00	94.38	1010.1
18:16:03	71	38	222	10	12	0.00	87.71	1010.1
18:17:03	72	38	218	14	15	0.00	100.45	1010.1
18:18:03	72	38	221	13	15	0.00	129.63	1010.2
18:19:03	72	38	230	15	16	0.00	139.20	1010.2
18:20:03	72	38	220	13	15	0.00	124.64	1010.2
18:21:03	72	38	232	12	13	0.00	119.39	1010.2
18:22:03	73	38	221	13	15	0.00	112.44	1010.2
18:23:03	73	38	226	12	14	0.00	115.41	1010.2
18:24:03	72	38	219	12	14	0.00	129.53	1010.2
18:25:03	73	38	226	9	11	0.00	139.33	1010.2
18:26:03	72	38	216	11	12	0.00	146.38	1010.3
18:27:03	73	38	206	8	9	0.00	162.18	1010.3
18:28:03	73	38	213	8	9	0.00	194.12	1010.3
18:29:03	73	38	213	9	12	0.00	177.88	1010.3
18:30:03	72	39	202	11	13	0.00	159.41	1010.3
18:31:03	71	39	189	11	12	0.00	151.49	1010.3
18:32:03	71	39	220	10	11	0.00	140.00	1010.3
18:33:03	71	39	216	13	14	0.00	138.66	1010.3
18:34:03	71	39	205	12	14	0.00	159.34	1010.4
18:35:03	71	39	223	9	13	0.00	163.35	1010.4
18:36:03	70	39	208	10	12	0.00	147.62	1010.4
18:37:03	70	39	221	12	12	0.00	144.48	1010.4
18:38:03	69	39	214	11	15	0.00	153.21	1010.4
18:39:03	70	39	224	8	10	0.00	149.17	1010.4
18:40:03	70	39	215	8	10	0.00	134.75	1010.4
18:41:03	70	39	213	9	10	0.00	109.88	1010.4
18:42:03	70	39	221	8	10	0.00	84.74	1010.4
18:43:03	70	39	209	8	10	0.00	71.77	1010.5
18:44:03	71	39	209	8	9	0.00	70.05	1010.5
18:45:03	71	39	209	10	13	0.00	70.46	1010.5
18:46:03	71	39	226	8	9	0.00	66.58	1010.5
18:47:03	71	39	219	10	12	0.00	58.46	1010.5
18:48:03	72	39	188	8	9	0.00	52.16	1010.5
18:49:03	73	39	171	6	7	0.00	56.54	1010.5
18:50:03	72	39	212	8	9	0.00	70.46	1010.5
18:51:03	73	39	184	7	9	0.00	76.12	1010.5
18:52:03	73	39	144	9	13	0.00	73.42	1010.5
18:53:03	73	39	188	8	11	0.00	71.74	1010.5
18:54:03	73	39	169	11	16	0.00	81.84	1010.5
18:55:03	73	38	171	10	14	0.00	104.45	1010.5
18:56:03	73	38	206	10	11	0.00	117.70	1010.5
18:57:03	74	38	189	9	11	0.00	126.12	1010.5
18:58:03	73	39	188	9	13	0.00	150.89	1010.5
18:59:03	73	39	176	10	12	0.00	181.38	1010.6
19:00:03	73	38	175	12	13	0.00	190.51	1010.6
19:01:03	73	38	191	12	14	0.00	181.55	1010.6
19:02:03	73	38	197	12	16	0.00	169.52	1010.6
19:03:03	73	38	187	11	13	0.00	175.62	1010.6
19:04:03	73	38	171	9	11	0.00	211.37	1010.6
19:05:03	72	38	184	13	15	0.00	230.07	1010.6
19:06:03	72	38	176	12	13	0.00	196.91	1010.6
19:07:03	72	38	188	10	11	0.00	179.39	1010.6
19:08:03	73	38	171	10	12	0.00	196.10	1010.6
19:09:03	74	38	183	8	9	0.00	208.50	1010.7
19:10:03	74	38	199	10	12	0.00	274.88	1010.8
19:11:03	74	38	198	10	11	0.00	308.38	1010.7
19:12:03	74	38	182	9	9	0.00	235.39	1010.8
19:13:03	75	38	205	9	10	0.00	198.66	1010.8
19:14:03	75	38	220	8	9	0.00	204.36	1010.8
19:15:03	75	38	208	8	9	0.00	212.14	1010.8
19:16:03	75	38	217	10	11	0.00	314.74	1010.8
19:17:03	75	38	212	11	15	0.00	537.26	1010.8
19:18:03	76	38	212	11	12	0.00	414.88	1010.8
19:19:03	76	38	216	10	11	0.00	427.18	1010.8
19:20:03	75	38	190	12	14	0.00	481.36	1010.8
19:21:03	74	38	186	13	15	0.00	447.47	1010.8
19:22:03	75	38	211	9	12	0.00	395.88	1010.8
19:23:03	74	39	206	11	12	0.00	452.76	1010.8
19:24:03	73	39	212	11	13	0.00	462.06	1010.9
19:25:03	73	39	204	11	12	0.00	572.84	1010.9
19:26:03	73	39	176	11	13	0.00	498.41	1010.9
19:27:03	73	39	206	12	14	0.00	481.06	1010.9
19:28:03	72	39	206	11	13	0.00	508.72	1010.9
19:29:03	72	39	181	12	14	0.00	482.30	1010.9
19:30:03	72	39	183	13	15	0.00	486.11	1010.9
19:31:03	71	39	194	11	13	0.00	291.82	1010.9
19:32:03	71	39	186	11	14	0.00	251.69	1011.0
19:33:03	72	39	211	13	15	0.00	247.92	1011.0
19:34:03	72	39	209	13	15	0.00	290.71	1011.0
19:35:03	72	39	200	10	12	0.00	299.33	1011.0
19:36:03	72	39	194	11	14	0.00	298.08	1011.0
19:37:03	72	39	173	11	13	0.00	386.26	1011.0
19:38:03	72	39	193	10	12	0.00	289.72	1011.0
19:39:03	72	39	193	12	16	0.00	292.28	1011.1
19:40:03	71	39	176	15	18	0.00	270.92	1011.0
19:41:03	72	39	198	11	12	0.00	266.44	1011.1
19:42:03	71	39	210	14	16	0.00	301.07	1011.1
19:43:03	71	39	205	13	15	0.00	302.45	1011.1
19:44:03	71	39	189	13	15	0.00	299.99	1011.1
19:45:03	70	39	208	12	13	0.00	289.04	1011.1
19:46:03	71	39	215	12	14	0.00	290.62	1011.1
19:47:03	70	39	187	10	13	0.00	245.85	1011.1
19:48:03	70	39	167	10	12	0.00	246.05	1011.2
19:49:03	70	39	183	10	13	0.00	339.84	1011.2
19:50:03	69	39	173	11	12	0.00	459.31	1011.2
19:51:03	70	39	191	9	11	0.00	336.14	1011.2
19:52:03	70	39	209	8	10	0.00	471.67	1011.2
19:53:03	70	39	198	8	10	0.00	277.11	1011.2
19:54:03	70	39	197	11	12	0.00	401.87	1011.2
19:55:03	69	39	221	12	12	0.00	420.46	1011.3
19:56:03	70	39	204	8	10	0.00	318.72	1011.3
19:57:03	70	39	202	8	9	0.00	330.34	1011.2
19:58:03	70	40	206	7	8	0.00	228.73	1011.2
19:59:03	70	40	187	6	7	0.00	425.62	1011.3
20:00:03	70	40	190	7	7	0.00	803.05	1011.2
20:01:03	67	40	187	8	10	0.00	743.08	1011.2
20:02:03	68	40	207	8	9	0.00	353.25	1011.2
20:03:03	67	40	221	8	10	0.00	223.23	1011.2
20:04:03	67	40	192	8	8	0.00	223.03	1011.2
20:05:03	67	40	173	9	10	0.00	272.93	1011.2
20:06:03	67	40	190	7	8	0.00	420.19	1011.3
20:07:03	67	40	202	9	11	0.00	237.45	1011.3
20:08:03	67	40	205	7	9	0.00	278.58	1011.2
20:09:03	67	40	187	6	9	0.00	312.00	1011.3
20:10:03	67	40	183	10	11	0.00	298.43	1011.3
20:11:03	66	40	214	10	13	0.00	353.04	1011.3
20:12:03	66	40	197	11	14	0.00	309.34	1011.3
20:13:03	66	40	210	10	17	0.00	273.32	1011.3
20:14:03	65	40	206	15	18	0.00	262.14	1011.3
20:15:03	65	40	201	11	13	0.00	285.18	1011.4
20:16:03	66	40	219	10	12	0.00	650.74	1011.4
20:17:03	66	40	216	10	11	0.00	444.16	1011.4
20:18:03	66	40	239	11	14	0.00	359.57	1011.3
20:19:03	65	40	233	11	13	0.00	439.65	1011.3
20:20:03	65	40	229	11	13	0.00	521.68	1011.4
20:21:03	65	40	228	12	15	0.00	599.87	1011.3
20:22:03	66	40	198	9	13	0.00	736.28	1011.3
20:23:03	65	41	203	13	15	0.00	639.49	1011.3
20:24:03	65	41	218	11	14	0.00	508.33	1011.3
20:25:03	64	41	218	13	15	0.00	323.31	1011.3
20:26:03	64	41	195	13	15	0.00	448.87	1011.2
20:27:03	64	41	203	15	19	0.00	376.71	1011.2
20:28:03	63	40	211	13	16	0.00	450.28	1011.2
20:29:03	63	40	231	15	17	0.00	344.56	1011.2
20:30:03	63	40	195	15	17	0.00	346.28	1011.2
20:31:03	63	40	193	14	16	0.00	473.24	1011.2
20:32:03	62	40	206	17	21	0.00	485.23	1011.2
20:33:03	61	40	203	17	20	0.00	461.82	1011.2
20:34:03	62	40	220	12	14	0.00	427.46	1011.2
20:35:03	61	40	206	15	21	0.00	385.68	1011.2
20:36:03	60	40	207	17	20	0.00	423.61	1011.2
20:37:03	60	40	215	15	18	0.00	402.72	1011.2
20:38:03	60	40	216	16	19	0.00	448.09	1011.2
20:39:03	60	40	219	16	18	0.00	497.24	1011.2
20:40:03	61	40	210	14	17	0.00	521.26	1011.1
20:41:03	61	41	222	11	13	0.00	510.92	1011.2
20:42:03	60	41	210	13	15	0.00	308.19	1011.2
20:43:03	59	41	215	15	16	0.00	261.33	1011.2
20:44:03	59	41	220	15	16	0.00	361.01	1011.2
20:45:03	60	41	208	17	19	0.00	389.91	1011.2
20:46:03	59	41	224	13	15	0.00	374.92	1011.2
20:47:03	60	41	202	15	19	0.00	472.27	1011.2
20:48:03	59	41	201	14	17	0.00	413.52	1011.2
20:49:03	60	41	180	14	16	0.00	452.77	1011.2
20:50:03	59	41	201	15	18	0.00	475.50	1011.2
20:51:03	59	41	208	16	19	0.00	444.55	1011.2
20:52:03	60	41	200	19	21	0.00	447.34	1011.2
20:53:03	60	41	198	14	16	0.00	433.29	1011.2
20:54:03	61	41	197	10	12	0.00	393.88	1011.3
20:55:03	60	41	203	11	13	0.00	438.35	1011.2
20:56:03	61	41	208	11	13	0.00	446.53	1011.3
20:57:03	60	41	203	13	14	0.00	458.93	1011.3
20:58:03	60	41	204	12	14	0.00	285.89	1011.3
20:59:03	60	41	188	13	14	0.00	362.45	1011.3
21:00:03	61	41	204	12	14	0.00	492.98	1011.3
21:01:03	61	41	195	14	17	0.00	488.60	1011.2
21:02:03	60	41	183	10	14	0.00	553.18	1011.3
21:03:03	60	41	178	12	14	0.00	478.16	1011.2
21:04:03	60	41	177	10	11	0.00	550.38	1011.2
21:05:03	60	41	184	11	15	0.00	630.96	1011.3
21:06:03	59	42	221	13	16	0.00	239.57	1011.2
21:07:03	58	42	191	14	16	0.00	590.77	1011.2
21:08:03	58	42	194	14	17	0.00	624.29	1011.3
21:09:03	59	41	206	13	17	0.00	609.47	1011.3
21:10:03	59	42	195	11	14	0.00	612.06	1011.2
21:11:03	57	42	195	13	16	0.00	603.94	1011.3
21:12:03	58	42	189	11	13	0.00	606.60	1011.3
21:13:03	58	42	208	11	13	0.00	563.89	1011.3
21:14:03	58	42	208	12	14	0.00	564.02	1011.2
21:15:03	57	42	219	15	17	0.00	547.99	1011.3
21:16:03	58	41	218	14	16	0.00	540.58	1011.3
21:17:03	58	41	195	13	15	0.00	590.23	1011.3
21:18:03	59	41	217	11	12	0.00	589.83	1011.2
21:19:03	58	42	193	12	16	0.00	506.42	1011.2
21:20:03	58	42	183	10	11	0.00	524.21	1011.3
21:21:03	57	42	218	15	17	0.00	524.21	1011.2
21:22:03	57	42	224	16	18	0.00	516.76	1011.3
21:23:03	58	42	190	14	16	0.00	571.50	1011.3
21:24:03	58	42	200	14	17	0.00	575.54	1011.3
21:25:03	58	42	211	15	17	0.00	580.16	1011.2
21:26:03	58	42	194	12	14	0.00	580.06	1011.3
21:27:03	58	42	179	12	16	0.00	583.63	1011.2
21:28:03	58	42	208	10	13	0.00	560.28	1011.3
21:29:03	58	42	209	9	11	0.00	375.39	1011.3
21:30:03	57	42	213	14	19	0.00	576.93	1011.2
21:31:03	57	42	219	14	16	0.00	549.78	1011.2
21:32:03	58	42	192	12	16	0.00	566.86	1011.2
21:33:03	58	42	202	12	14	0.00	568.94	1011.2
21:34:03	58	42	206	14	17	0.00	547.28	1011.2
21:35:03	58	42	198	14	17	0.00	520.40	1011.2
21:36:03	59	42	212	12	15	0.00	249.61	1011.2
21:37:03	57	42	221	14	18	0.00	363.77	1011.2
21:38:03	58	42	211	11	14	0.00	402.64	1011.2
21:39:03	58	42	217	15	16	0.00	359.15	1011.2
21:40:03	59	42	203	14	17	0.00	368.38	1011.2
21:41:03	59	42	220	12	14	0.00	365.42	1011.2
21:42:03	58	42	213	11	13	0.00	393.88	1011.2
21:43:03	58	42	224	12	14	0.00	425.38	1011.2
21:44:03	57	42	210	12	13	0.00	340.15	1011.2
21:45:03	57	42	201	11	13	0.00	511.27	1011.2
21:46:03	57	42	216	10	12	0.00	355.92	1011.2
21:47:03	56	42	215	11	12	0.00	365.42	1011.2
21:48:03	57	42	206	9	11	0.00	300.00	1011.2
21:49:03	57	42	199	8	11	0.00	218.45	1011.2
21:50:03	56	42	183	11	15	0.00	340.66	1011.2
21:51:03	55	42	196	12	18	0.00	500.86	1011.2
21:52:03	56	42	211	12	15	0.00	493.22	1011.2
21:53:03	55	42	222	12	13	0.00	490.42	1011.2
21:54:03	55	42	204	10	11	0.00	433.12	1011.2
21:55:03	56	42	210	11	13	0.00	457.61	1011.2
21:56:03	54	43	208	13	15	0.00	499.28	1011.3
21:57:03	54	42	196	18	20	0.00	426.92	1011.3
21:58:03	53	42	196	12	16	0.00	436.09	1011.2
21:59:03	54	42	219	13	14	0.00	511.88	1011.2
22:00:03	55	42	200	9	11	0.00	499.55	1011.3
22:01:03	53	43	220	16	18	0.00	501.13	1011.2
22:02:03	53	42	197	14	18	0.00	501.60	1011.3
22:03:03	53	43	218	11	13	0.00	495.20	1011.3
22:04:03	52	43	199	17	19	0.00	488.43	1011.4
22:05:03	52	42	211	16	17	0.00	483.35	1011.4
22:06:03	52	42	210	11	16	0.00	478.73	1011.3
22:07:03	52	42	216	17	22	0.01	480.01	1011.4
22:08:03	51	42	216	16	20	0.00	483.04	1011.4
22:09:03	51	42	226	13	15	0.00	484.49	1011.4
22:10:03	53	42	227	10	14	0.00	469.17	1011.5
22:11:03	53	42	214	11	16	0.00	472.77	1011.5
22:12:03	52	43	223	13	18	0.00	469.30	1011.4
22:13:03	52	43	220	15	17	0.00	468.26	1011.5
22:14:03	53	43	209	10	13	0.00	434.94	1011.5
22:15:03	52	43	192	11	13	0.00	461.35	1011.5
22:16:03	53	43	211	11	13	0.00	460.48	1011.5
22:17:03	53	43	188	12	14	0.00	461.65	1011.5
22:18:03	53	43	214	14	15	0.00	468.36	1011.5
22:19:03	53	43	196	14	18	0.00	476.58	1011.5
22:20:03	54	43	210	12	13	0.00	479.78	1011.5
22:21:03	54	43	208	13	14	0.00	472.00	1011.6
22:22:03	55	43	209	12	14	0.00	464.05	1011.5
22:23:03	56	43	165	12	16	0.00	462.70	1011.6
22:24:03	57	43	182	13	15	0.00	462.19	1011.6
22:25:03	58	42	173	12	14	0.00	451.38	1011.5
22:26:03	58	42	186	15	17	0.00	443.16	1011.6
22:27:03	59	42	207	15	17	0.00	440.94	1011.6
22:28:03	59	42	218	15	16	0.00	440.33	1011.6
22:29:03	58	42	203	12	16	0.00	440.50	1011.6
22:30:03	60	42	220	12	14	0.00	442.52	1011.6
22:31:03	60	42	193	11	14	0.00	443.26	1011.6
22:32:03	60	42	182	9	11	0.00	444.00	1011.7
22:33:03	58	42	226	14	18	0.00	442.22	1011.7
22:34:03	58	42	219	17	19	0.00	445.86	1011.7
22:35:03	58	42	217	14	16	0.00	445.99	1011.7
22:36:03	58	42	200	14	15	0.00	424.74	1011.8
22:37:03	58	42	212	15	20	0.00	442.49	1011.8
22:38:03	60	42	189	15	21	0.00	439.25	1011.8
22:39:03	61	42	175	11	15	0.00	435.72	1011.9
22:40:03	61	42	179	16	20	0.00	436.63	1011.9
22:41:03	61	42	164	16	18	0.00	270.73	1011.9
22:42:03	62	41	183	14	16	0.00	315.29	1011.9
22:43:03	62	41	164	17	19	0.00	370.54	1012.0
22:44:03	62	41	170	14	18	0.00	407.86	1012.0
22:45:03	62	41	171	15	18	0.00	435.72	1012.0
22:46:03	61	41	182	13	17	0.00	427.43	1012.1
22:47:03	60	41	175	16	19	0.00	421.20	1012.0
22:48:03	61	41	177	12	15	0.00	373.23	1012.1
22:49:03	61	41	174	16	18	0.00	293.87	1012.1
22:50:03	62	41	184	11	15	0.00	367.64	1012.1
22:51:03	62	41	180	15	19	0.00	455.69	1012.1
22:52:03	63	41	183	15	19	0.00	416.68	1012.2
22:53:03	63	41	207	11	13	0.00	420.12	1012.2
22:54:03	64	41	190	9	11	0.00	400.58	1012.2
22:55:03	64	41	178	10	13	0.00	373.10	1012.2
22:56:03	63	41	170	12	15	0.00	391.76	1012.2
22:57:03	63	41	188	11	16	0.00	365.08	1012.2
22:58:03	64	41	205	13	16	0.00	402.20	1012.2
22:59:03	65	41	195	9	11	0.00	268.27	1012.2
23:00:03	65	41	198	11	16	0.00	159.20	1012.2
23:01:03	65	41	201	12	15	0.00	270.26	1012.2
23:02:03	66	41	210	10	11	0.00	174.12	1012.2
23:03:03	67	41	192	8	9	0.00	180.62	1012.2
23:04:03	66	41	161	12	14	0.00	272.35	1012.2
23:05:03	65	41	200	12	14	0.00	346.60	1012.2
23:06:03	66	41	188	9	12	0.00	381.56	1012.0
23:07:03	66	41	197	10	11	0.00	338.31	1012.1
23:08:03	66	41	173	12	15	0.00	356.47	1012.0
23:09:03	66	41	168	11	13	0.00	353.64	1012.0
23:10:03	66	41	194	10	12	0.00	350.27	1012.0
23:11:03	66	41	170	11	13	0.00	346.80	1012.0
23:12:03	66	41	185	8	12	0.00	344.04	1012.0
23:13:03	66	41	198	8	11	0.00	341.99	1012.0
23:14:03	65	42	219	10	12	0.00	338.82	1012.1
23:15:03	63	42	204	12	15	0.00	339.56	1012.1
23:16:03	63	41	209	12	14	0.00	211.89	1012.1
23:17:03	65	41	212	8	11	0.00	172.14	1012.1
23:18:03	63	41	218	13	16	0.00	347.05	1012.1
23:19:03	64	41	225	10	13	0.00	336.77	1012.1
23:20:03	63	41	199	11	15	0.00	327.11	1012.0
23:21:03	63	41	184	14	16	0.00	323.64	1012.1
23:22:03	63	41	194	14	16	0.00	321.21	1012.1
23:23:03	63	41	194	13	15	0.00	319.56	1012.1
23:24:03	63	41	192	12	14	0.00	320.98	1012.1
23:25:03	63	41	175	10	13	0.00	326.34	1012.1
23:26:03	64	41	158	11	14	0.00	323.44	1012.1
23:27:03	64	42	158	9	11	0.00	313.91	1012.1
23:28:03	63	42	174	11	14	0.00	332.40	1012.1
23:29:03	62	42	164	14	17	0.00	359.56	1012.1
23:30:03	63	42	184	10	12	0.00	377.38	1012.2
23:31:03	63	42	167	9	15	0.00	380.01	1012.1
23:32:03	61	42	180	13	16	0.00	364.21	1012.2
23:33:03	62	42	172	11	14	0.00	350.63	1012.2
23:34:03	61	42	173	15	18	0.00	338.33	1012.2
23:35:03	62	41	171	15	19	0.00	327.79	1012.2
23:36:03	62	41	171	14	18	0.00	306.67	1012.3
23:37:03	63	41	182	14	16	0.00	293.46	1012.3
23:38:03	63	41	167	13	16	0.00	258.80	1012.3
23:39:03	63	41	206	11	14	0.00	260.75	1012.4
23:40:03	63	41	210	13	14	0.00	207.12	1012.4
23:41:03	63	41	187	9	13	0.00	276.25	1012.5
23:42:03	63	41	182	11	13	0.00	361.92	1012.4
23:43:03	63	41	178	14	17	0.00	382.20	1012.4
23:44:03	63	41	161	12	16	0.00	344.94	1012.4
23:45:03	64	41	166	14	15	0.00	305.15	1012.5
23:46:03	63	41	174	15	17	0.00	219.55	1012.5
23:47:03	64	41	185	12	16	0.00	130.38	1012.5
23:48:03	64	41	184	11	12	0.00	101.03	1012.5
23:49:03	64	41	186	11	15	0.00	117.91	1012.5
23:50:03	64	41	205	13	16	0.00	114.10	1012.5
23:51:03	64	41	214	14	16	0.00	134.42	1012.5
23:52:03	64	40	194	14	16	0.00	322.71	1012.6
23:53:03	64	40	209	15	18	0.00	214.10	1012.6
23:54:03	64	40	200	11	13	0.00	211.37	1012.6
23:55:03	64	41	185	8	11	0.00	273.90	1012.6
23:56:03	64	41	170	9	11	0.00	281.17	1012.6
23:57:03	63	41	184	12	14	0.00	264.03	1012.6
23:58:03	64	41	169	10	12	0.00	251.63	1012.6
23:59:03	64	41	190	10	12	0.00	237.95	1012.6